"Step","Name: gpg_0516_1.7B - val-core/math-ai/amc23/acc/cons@32","Name: gpg_0516_1.7B - val-core/math-ai/amc23/acc/cons@32__MIN","Name: gpg_0516_1.7B - val-core/math-ai/amc23/acc/cons@32__MAX","Name: ppo_0516_1.7B - val-core/math-ai/amc23/acc/cons@32","Name: ppo_0516_1.7B - val-core/math-ai/amc23/acc/cons@32__MIN","Name: ppo_0516_1.7B - val-core/math-ai/amc23/acc/cons@32__MAX","Name: dapo_0516_1.7B - val-core/math-ai/amc23/acc/cons@32","Name: dapo_0516_1.7B - val-core/math-ai/amc23/acc/cons@32__MIN","Name: dapo_0516_1.7B - val-core/math-ai/amc23/acc/cons@32__MAX","Name: reinforce_pp_baseline_0516_1.7B - val-core/math-ai/amc23/acc/cons@32","Name: reinforce_pp_baseline_0516_1.7B - val-core/math-ai/amc23/acc/cons@32__MIN","Name: reinforce_pp_baseline_0516_1.7B - val-core/math-ai/amc23/acc/cons@32__MAX","Name: opts_ttpo_lam999_0515_1.7B - val-core/math-ai/amc23/acc/cons@32","Name: opts_ttpo_lam999_0515_1.7B - val-core/math-ai/amc23/acc/cons@32__MIN","Name: opts_ttpo_lam999_0515_1.7B - val-core/math-ai/amc23/acc/cons@32__MAX"
"20","0.375","0.375","0.375","0.35","0.35","0.35","0.35","0.35","0.35","0.4","0.4","0.4","0.4","0.4","0.4"
"40","0.575","0.575","0.575","0.5","0.5","0.5","0.575","0.575","0.575","0.55","0.55","0.55","0.55","0.55","0.55"
"60","0.6","0.6","0.6","0.575","0.575","0.575","0.675","0.675","0.675","0.625","0.625","0.625","0.6","0.6","0.6"
"80","0.6","0.6","0.6","0.65","0.65","0.65","0.575","0.575","0.575","0.65","0.65","0.65","0.525","0.525","0.525"
"100","0.7","0.7","0.7","0.675","0.675","0.675","0.625","0.625","0.625","0.6","0.6","0.6","0.6","0.6","0.6"
"120","0.625","0.625","0.625","0.6","0.6","0.6","0.575","0.575","0.575","0.7","0.7","0.7","0.6","0.6","0.6"
"140","0.65","0.65","0.65","0.725","0.725","0.725","0.65","0.65","0.65","0.625","0.625","0.625","0.65","0.65","0.65"
"160","0.675","0.675","0.675","0.65","0.65","0.65","0.625","0.625","0.625","0.675","0.675","0.675","0.625","0.625","0.625"
"180","0.7","0.7","0.7","0.65","0.65","0.65","0.675","0.675","0.675","0.625","0.625","0.625","0.675","0.675","0.675"
"200","0.625","0.625","0.625","0.675","0.675","0.675","0.65","0.65","0.65","0.65","0.65","0.65","0.675","0.675","0.675"
"220","0.7","0.7","0.7","0.675","0.675","0.675","0.65","0.65","0.65","0.725","0.725","0.725","0.675","0.675","0.675"
"240","0.7","0.7","0.7","0.65","0.65","0.65","0.65","0.65","0.65","0.65","0.65","0.65","0.675","0.675","0.675"
"260","0.7","0.7","0.7","0.625","0.625","0.625","0.65","0.65","0.65","0.675","0.675","0.675","0.675","0.675","0.675"
"280","0.675","0.675","0.675","0.75","0.75","0.75","0.65","0.65","0.65","0.775","0.775","0.775","0.7","0.7","0.7"
"300","0.675","0.675","0.675","0.775","0.775","0.775","0.7","0.7","0.7","0.75","0.75","0.75","0.675","0.675","0.675"
"320","0.7","0.7","0.7","0.675","0.675","0.675","0.65","0.65","0.65","0.675","0.675","0.675","0.7","0.7","0.7"
"340","0.625","0.625","0.625","0.7","0.7","0.7","0.625","0.625","0.625","0.725","0.725","0.725","0.65","0.65","0.65"
"360","0.65","0.65","0.65","0.675","0.675","0.675","0.65","0.65","0.65","0.75","0.75","0.75","0.65","0.65","0.65"
"380","0.7","0.7","0.7","0.675","0.675","0.675","0.6","0.6","0.6","0.7","0.7","0.7","0.7","0.7","0.7"
"400","0.725","0.725","0.725","0.7","0.7","0.7","0.675","0.675","0.675","0.7","0.7","0.7","0.625","0.625","0.625"
"420","0.675","0.675","0.675","0.7","0.7","0.7","0.575","0.575","0.575","0.675","0.675","0.675","0.675","0.675","0.675"
"440","0.7","0.7","0.7","0.725","0.725","0.725","0.625","0.625","0.625","0.7","0.7","0.7","0.65","0.65","0.65"
"460","0.65","0.65","0.65","0.625","0.625","0.625","0.6","0.6","0.6","0.725","0.725","0.725","0.675","0.675","0.675"
"462","","","","0.675","0.675","0.675","","","","","","","","",""
"465","0.675","0.675","0.675","","","","0.625","0.625","0.625","0.7","0.7","0.7","0.65","0.65","0.65"